{"chinamili": [-2.8732481, 34.220525], "nkololo": [-2.6418948, 34.1600934], "somanda": [-8.3858151, 39.284293], "bumera": [-2.774195, 34.15432], "kalangalala": [-2.8706051, 32.2367087], "nkoma": [-3.575034, 34.382844], "mkula": [-2.3, 33.883333], "nkungulu": [-2.7269, 33.6191951], "sakwe": [-2.7676707, 33.8630257], "nyang'hwale": [-3.0855987, 32.6277455], "kasamwa": [-2.8385304, 32.4212424], "sapiwi": [-2.3677797, 33.965097], "lugulu": [-2.9140578, 33.9582532], "mwamapalala": [-3.0239478, 33.907884], "kharumwa": [-3.2003567, 32.6578372], "nyakabindi": [-2.6410064, 33.9903289], "kasoli": [-2.5694716, 33.6711889], "igalukilo": [-2.3758767, 33.7986927], "kinang'weli": [-2.9438341, 33.744134], "zagayu": [-2.9654697, 33.8096363], "mwadobana": [-2.5317113, 34.0499607], "malili": [-2.4680719, 33.7639678], "bunamhala": [-2.8534137, 34.0623498], "lubanga": [-2.6355463, 32.4559965], "nyaluhande": [-2.4609257, 33.5143009], "mhango": [-2.7529366, 33.9164563], "dutwa": [-2.5097255, 33.9681016], "lagangabilili": [-2.959933, 34.136595], "kakora": [-2.9657285, 33.3345856], "bukoli": [-3.2585945, 32.3434568], "mbita": [-2.828972, 33.7812554], "kalemela": [-2.2987536, 33.7427843], "ikungulyabashashi": [-2.6079503, 33.949088], "mwingiro": [-3.17961, 32.5373521], "busolwa": [-3.006009, 32.6303604], "katoro": [-3.0040574, 31.9274003], "mwaswale": [-2.7823952, 34.352162], "kabita": [-2.366667, 33.616667], "mhunze": [-3.619775, 33.8104222], "badugu": [-2.466667, 33.65], "gamboshi": [-2.6055237, 33.7681259], "chigunga": [-2.8146243, 31.9339211], "mwananyili": [-6.7851658, 39.2574864], "mwaubingi": [-2.5222542, 34.1135671], "shigala": [-2.3914677, 33.6925232], "kagu": [-2.727445, 32.012051], "kiloleli": [-3.833333, 33.7], "bariadi": [-2.8069614, 33.9917222], "nyachiluluma": [-2.7817627, 31.9196708], "nzera": [-2.521353, 32.156062], "bukwimba": [-2.793162, 33.411129], "mtakuja": [-3.4867978, 37.3573457], "nyamalimbe": [-3.0817776, 32.3666434], "sagata": [-2.744602, 34.237511], "kaseme": [-3.1039873, 31.9566349], "kamena": [-3.0723916, 32.3249236], "nyakamwaga": [-2.9873364, 32.2307777], "kafita": [-3.2688836, 32.5810349], "ngasamo": [-2.5366963, 33.8001004], "lwamgasa": [-3.1165842, 32.0417593], "busanda": [-3.016667, 32.116667], "nyakagomba": [-2.8696874, 31.9420685], "ihanamilo": [-2.95012, 32.26767], "kamhanga": [-2.7346168, 32.3086811], "nyugwa": [-3.2236622, 32.7380494], "nkome": [-2.5137634, 32.0128434], "shabaka": [-2.9950833, 32.4682773], "bukondo": [-2.663086, 31.924141], "senga": [-4.4, 34.6666669]}