payment,payment_good,payment_repair,payment_bad,payment_sum_cases
never pay,0.44891115669875337,0.0752327599810636,0.47585608332018303,25348.0
other,0.579696394686907,0.11195445920303605,0.3083491461100569,1054.0
pay annually,0.7523338824821527,0.06781987918725975,0.17984623833058758,3642.0
pay monthly,0.6604819277108434,0.11168674698795181,0.2278313253012048,8300.0
pay per bucket,0.67779632721202,0.04552031163049527,0.2766833611574847,8985.0
pay when scheme fails,0.6205927439959121,0.07077158916709249,0.3086356668369954,3914.0
unknown,0.43251195292386907,0.05296064729680029,0.5145273997793306,8157.0
total,0.543080808080808,0.07267676767676767,0.3842424242424242,59400.0
