quantity,quantity_good,quantity_repair,quantity_bad,quantity_sum_cases
dry,0.025136087095741274,0.005923791226384886,0.9689401216778738,6246.0
enough,0.6523232688483095,0.07231965286566625,0.27535707828602424,33186.0
insufficient,0.523233525018177,0.09584242183885254,0.38092405314297045,15129.0
seasonal,0.5740740740740741,0.10271604938271604,0.3232098765432099,4050.0
unknown,0.26996197718631176,0.017743979721166033,0.7122940430925222,789.0
total,0.543080808080808,0.07267676767676767,0.3842424242424242,59400.0
