waterpoint_type,waterpoint_type_good,waterpoint_type_repair,waterpoint_type_bad,waterpoint_type_sum_cases
cattle trough,0.7241379310344828,0.017241379310344827,0.25862068965517243,116.0
communal standpipe,0.6214851693429633,0.07923708014865717,0.2992777505083795,28522.0
communal standpipe multiple,0.36621333770276915,0.10617728985744716,0.5276093724397837,6103.0
dam,0.8571428571428571,0.0,0.14285714285714285,7.0
hand pump,0.617852241537054,0.05884034766697164,0.32330741079597436,17488.0
improved spring,0.7181122448979592,0.10841836734693877,0.17346938775510204,784.0
other,0.13166144200626959,0.04592476489028213,0.8224137931034483,6380.0
total,0.543080808080808,0.07267676767676767,0.3842424242424242,59400.0
